Workbook

Sheet Daily
B1: # of times he used replacement behavior (#of times replacement was used/#of elevated intervals) | C1: (# of R/# elevated intervals) | D1: Percentage of Yes (Yes/# of elevated intervals) | E1: Percentage (Mild/ Total interals) | F1: Percentage (Moderate/ Total interals) | G1: Percentage (Severe/ Total interals) | H1: Percentage # intervals behavior exhibited/ Total # Intervals
A2: Date | B2: Used Replacement Behavior | C2: How many replacement behaviors did he request? | D2: Did he name an accurate emotion? | E2: Elopement Mild | F2: Elopement Moderate | G2: Elopement Severe | H2: Behaviors Exhibited | I2: Comments
A3: 45902 | B3: =4/4 -> 1 | C3: =1/4 -> 0.25 | D3: =0/4 -> 0 | E3: =0 -> 0 | F3: =0 -> 0 | G3: =0 -> 0 | H3: =0 -> 0
A4: 45903 | B4: =4/6 -> 0.66666667 | C4: =3/6 -> 0.5 | D4: =0/6 -> 0 | E4: =1/13 -> 0.076923077 | F4: =0 -> 0 | G4: =0 -> 0 | H4: =1/13 -> 0.076923077
A5: 45904 | B5: =6/6 -> 1 | C5: =2/6 -> 0.33333333 | D5: =4/6 -> 0.66666667 | E5: =0 -> 0 | F5: =0 -> 0 | G5: =0 -> 0 | H5: =0 -> 0
A6: 45905 | B6: =5/6 -> 0.83333333 | C6: =1/6 -> 0.16666667 | D6: =0/6 -> 0 | E6: =1/13 -> 0.076923077 | F6: =0 -> 0 | G6: =0 -> 0 | H6: =1/13 -> 0.076923077
A7: 9/2/25 Weekly Total | B7: =AVERAGE(B3:B6) -> 0.875 | C7: =AVERAGE(C3:C6) -> 0.3125 | D7: =AVERAGE(D3:D6) -> 0.16666667 | E7: =AVERAGE(E3:E6) -> 0.038461538 | F7: =AVERAGE(F3:F6) -> 0 | G7: =AVERAGE(G3:G6) -> 0 | H7: =AVERAGE(H3:H6) -> 0.038461538
A8: 45908 | B8: =1/1 -> 1 | C8: =0/1 -> 0 | D8: =0/1 -> 0 | E8: =0 -> 0 | F8: =0 -> 0 | G8: =0 -> 0 | H8: =0 -> 0
A9: 45909 | B9: =4/6 -> 0.66666667 | C9: =1/6 -> 0.16666667 | D9: =2/7 -> 0.28571429 | E9: =1/13 -> 0.076923077 | F9: =0 -> 0 | G9: =0 -> 0 | H9: =1/13 -> 0.076923077
A10: 45910 | B10: =4/4 -> 1 | C10: =2/4 -> 0.5 | D10: =2/4 -> 0.5 | E10: =0 -> 0 | F10: =1/13 -> 0.076923077 | G10: =0 -> 0 | H10: =0 -> 0
A11: 45911 | B11: =1/2 -> 0.5 | C11: =1/2 -> 0.5 | D11: =3/4 -> 0.75 | E11: 0 | F11: 0 | G11: 0
A12: 45912 | B12: =3/3 -> 1 | C12: =2/3 -> 0.66666667 | D12: =1/3 -> 0.33333333 | E12: =1/10 -> 0.1 | F12: =0/10 -> 0 | G12: =0/10 -> 0 | H12: =1/10 -> 0.1 | I12: left early (1:45)
A13: 9/8/25 Weekly Total | B13: =AVERAGE(B8:B12) -> 0.83333333 | C13: =AVERAGE(C8:C12) -> 0.36666667 | D13: =AVERAGE(D8:D12) -> 0.37380952 | E13: =AVERAGE(E8:E12) -> 0.035384615 | F13: =AVERAGE(F8:F12) -> 0.015384615 | G13: =AVERAGE(G8:G12) -> 0 | H13: =AVERAGE(H8:H12) -> 0.044230769
A14: 45915 | B14: =1/3 -> 0.33333333 | C14: =0/3 -> 0 | D14: =1/4 -> 0.25 | E14: =1/13 -> 0.076923077 | F14: =0/13 -> 0 | G14: =0/13 -> 0 | H14: =0/13 -> 0
A15: 45916 | B15: =3/6 -> 0.5 | C15: =0/6 -> 0 | D15: =2/6 -> 0.33333333 | E15: =3/13 -> 0.23076923 | F15: =1/13 -> 0.076923077 | G15: =0/13 -> 0 | H15: =2/13 -> 0.15384615
A16: 45917 | D16: =0/3 -> 0 | E16: =0/13 -> 0 | F16: =0/13 -> 0 | G16: =0/13 -> 0 | H16: =1/13 -> 0.076923077 | I16: *no data on replacement behaviors taken
A17: 45918 | B17: =5/13 -> 0.38461538 | C17: =0/2 -> 0 | D17: =0/3 -> 0 | E17: =2/13 -> 0.15384615 | F17: =1/13 -> 0.076923077 | G17: =0/13 -> 0 | H17: =1/13 -> 0.076923077
A18: 45919 | B18: =2/3 -> 0.66666667 | C18: =1/3 -> 0.33333333 | D18: =0/3 -> 0 | E18: =1/13 -> 0.076923077 | F18: =1/13 -> 0.076923077 | G18: =0/13 -> 0 | H18: =1/13 -> 0.076923077
A19: 9/15/25 Weekly Total | B19: =AVERAGE(B14:B18) -> 0.47115385 | C19: =AVERAGE(C14:C18) -> 0.083333333 | D19: =AVERAGE(D14:D18) -> 0.11666667 | E19: =AVERAGE(E14:E18) -> 0.10769231 | F19: =AVERAGE(F14:F18) -> 0.046153846 | G19: =AVERAGE(G14:G18) -> 0 | H19: =AVERAGE(H14:H18) -> 0.076923077
A20: 45922 | B20: =2/4 -> 0.5 | C20: =2/4 -> 0.5 | D20: 0.25 | E20: =1/13 -> 0.076923077 | F20: =0/13 -> 0 | G20: =0/13 -> 0 | H20: =2/13 -> 0.15384615
A21: 45923 | B21: =2/4 -> 0.5 | C21: =0/4 -> 0 | D21: =1/4 -> 0.25 | E21: =2/13 -> 0.15384615 | F21: =1/13 -> 0.076923077 | G21: =0/13 -> 0 | H21: =1/13 -> 0.076923077
A22: 45924 | B22: =2/4 -> 0.5 | C22: =0/4 -> 0 | D22: =0/4 -> 0 | E22: =2/13 -> 0.15384615 | F22: =2/13 -> 0.15384615 | G22: =0/13 -> 0 | H22: =3/13 -> 0.23076923
A23: 45925 | B23: =2/3 -> 0.66666667 | C23: =1/3 -> 0.33333333 | D23: =2/4 -> 0.5 | E23: =1/13 -> 0.076923077 | F23: =1/13 -> 0.076923077 | G23: =0/13 -> 0 | H23: 0.0769
A24: 45926 | B24: =0/13 -> 0 | C24: =0/13 -> 0 | D24: =1/3 -> 0.33333333 | E24: =0/13 -> 0 | F24: =2/13 -> 0.15384615 | G24: =0/13 -> 0 | H24: =4/13 -> 0.30769231
A25: 9/22/25 Weekly Total | B25: =AVERAGE(B20:B24) -> 0.43333333 | C25: =AVERAGE(C20:C24) -> 0.16666667 | D25: =AVERAGE(D20:D24) -> 0.26666667 | E25: =AVERAGE(E20:E24) -> 0.092307692 | F25: =AVERAGE(F20:F24) -> 0.092307692 | G25: =AVERAGE(G20:G24) -> 0 | H25: =AVERAGE(H20:H24) -> 0.16922615
A26: 45929 | B26: =2/3 -> 0.66666667 | C26: =1/3 -> 0.33333333 | D26: =2/3 -> 0.66666667 | E26: =1/13 -> 0.076923077 | F26: =1/13 -> 0.076923077 | G26: =0/13 -> 0 | H26: =4/13 -> 0.30769231
A27: 45930 | B27: =2/4 -> 0.5 | C27: =0/4 -> 0 | D27: =1/5 -> 0.2 | E27: =1/13 -> 0.076923077 | F27: =1/13 -> 0.076923077 | G27: =1/13 -> 0.076923077 | H27: =4/13 -> 0.30769231
A28: 45931 | B28: =1/4 -> 0.25 | C28: =0/4 -> 0 | D28: =2/4 -> 0.5 | E28: =1/13 -> 0.076923077 | F28: =2/13 -> 0.15384615 | G28: =0/13 -> 0 | H28: =3/13 -> 0.23076923
A29: 45932 | B29: =3/4 -> 0.75 | C29: =1/4 -> 0.25 | D29: =2/4 -> 0.5 | E29: =0/4 -> 0 | F29: =3/13 -> 0.23076923 | G29: =0/13 -> 0 | H29: =1/13 -> 0.076923077
A30: 45933 | B30: =1/2 -> 0.5 | C30: =0/2 -> 0 | D30: =1/2 -> 0.5 | E30: =0/13 -> 0 | F30: =0/13 -> 0 | G30: =0/13 -> 0 | H30: =2/13 -> 0.15384615
A31: 9/29/25 Weekly Total | B31: =AVERAGE(B26:B30) -> 0.53333333 | C31: =AVERAGE(C26:C30) -> 0.11666667 | D31: =AVERAGE(D26:D30) -> 0.47333333 | E31: =AVERAGE(E26:E30) -> 0.046153846 | F31: =AVERAGE(F26:F30) -> 0.10769231 | G31: =AVERAGE(G26:G30) -> 0.015384615 | H31: =AVERAGE(H26:H30) -> 0.21538462
A32: 45937 | B32: =1/1 -> 1 | C32: =1/1 -> 1 | D32: =1/1 -> 1 | E32: =0/8 -> 0 | F32: =0/8 -> 0 | G32: =0/8 -> 0 | H32: =0/8 -> 0 | I32: Left early
A33: 45938 | B33: =1/4 -> 0.25 | C33: =1/4 -> 0.25 | D33: =2/6 -> 0.33333333 | E33: =1/13 -> 0.076923077 | F33: =0/13 -> 0 | G33: =0/13 -> 0 | H33: =2/13 -> 0.15384615 | I33: Declined scheduled break
A34: 45939 | B34: =1/5 -> 0.2 | C34: =0/5 -> 0 | D34: =0/5 -> 0 | E34: =1/13 -> 0.076923077 | F34: =0/13 -> 0 | G34: =0/13 -> 0 | H34: =1/13 -> 0.076923077 | I34: Declined scheduled break
A35: 45940 | B35: =2/4 -> 0.5 | C35: =1/4 -> 0.25 | D35: =0/6 -> 0 | E35: =0/13 -> 0 | F35: =3/13 -> 0.23076923 | G35: =0/13 -> 0 | H35: =0/13 -> 0
A36: 10/7/25 Weekly Total | B36: =AVERAGE(B32:B35) -> 0.4875 | C36: =AVERAGE(C32:C35) -> 0.375 | D36: =AVERAGE(D32:D35) -> 0.33333333 | E36: =AVERAGE(E32:E35) -> 0.038461538 | F36: =AVERAGE(F32:F35) -> 0.057692308 | G36: =AVERAGE(G32:G35) -> 0 | H36: =AVERAGE(H32:H35) -> 0.057692308
A37: 45943 | B37: =1/6 -> 0.16666667 | C37: =0/6 -> 0 | D37: =0/6 -> 0 | E37: =0/13 -> 0 | F37: =5/13 -> 0.38461538 | G37: =0/13 -> 0 | H37: =3/13 -> 0.23076923
A38: 45944 | B38: =1/3 -> 0.33333333 | C38: =0/13 -> 0 | D38: =1/3 -> 0.33333333 | E38: =0/13 -> 0 | F38: =0/13 -> 0 | G38: =0/13 -> 0 | H38: =2/13 -> 0.15384615
A39: 45945 | B39: =1/2 -> 0.5 | C39: =1/2 -> 0.5 | D39: =1/2 -> 0.5 | E39: =0/13 -> 0 | F39: =1/13 -> 0.076923077 | G39: =0/13 -> 0 | H39: =0/13 -> 0
A40: 10/13/25 Weekly Total | B40: =AVERAGE(B37:B39) -> 0.33333333 | C40: =AVERAGE(C37:C39) -> 0.16666667 | D40: =AVERAGE(D37:D39) -> 0.27777778 | E40: =AVERAGE(E37:E39) -> 0 | F40: =AVERAGE(F37:F39) -> 0.15384615 | G40: =AVERAGE(G37:G39) -> 0 | H40: =AVERAGE(H37:H39) -> 0.12820513
A41: 45951 | B41: =2/4 -> 0.5 | C41: =1/4 -> 0.25 | D41: =2/4 -> 0.5 | E41: =1/13 -> 0.076923077 | F41: =1/13 -> 0.076923077 | G41: =0/13 -> 0 | H41: =3/13 -> 0.23076923
A42: 45952 | B42: =1/3 -> 0.33333333 | C42: =0/3 -> 0 | D42: =2/4 -> 0.5 | E42: =1/13 -> 0.076923077 | F42: =1/13 -> 0.076923077 | G42: =0/13 -> 0 | H42: =1/13 -> 0.076923077
A43: 45953 | B43: =1/4 -> 0.25 | C43: =0/4 -> 0 | D43: =1/3 -> 0.33333333 | E43: =3/13 -> 0.23076923 | F43: =1/13 -> 0.076923077 | G43: =0/13 -> 0 | H43: =0/13 -> 0
A44: 45954 | B44: =1/2 -> 0.5 | C44: =0/2 -> 0 | D44: =0/3 -> 0 | E44: =0/13 -> 0 | F44: =1/13 -> 0.076923077 | G44: =0/13 -> 0 | H44: =0/13 -> 0
A45: 10/21/25 Weekly Total | B45: =AVERAGE(B41:B44) -> 0.39583333 | C45: =AVERAGE(C41:C44) -> 0.0625 | D45: =AVERAGE(D41:D44) -> 0.33333333 | E45: =AVERAGE(E41:E44) -> 0.096153846 | F45: =AVERAGE(F41:F44) -> 0.076923077 | G45: =AVERAGE(G41:G44) -> 0 | H45: =AVERAGE(H41:H44) -> 0.076923077
A46: 45957 | B46: =3/6 -> 0.5 | C46: =2/6 -> 0.33333333 | D46: =4/5 -> 0.8 | E46: =4/13 -> 0.30769231 | F46: =0/13 -> 0 | G46: =0/13 -> 0 | H46: =4/13 -> 0.30769231 | I46: *in the wave room for the whole afternoon
A47: 45958 | B47: =1/3 -> 0.33333333 | C47: =1/3 -> 0.33333333 | D47: =1/3 -> 0.33333333 | E47: =0/13 -> 0 | F47: =3/13 -> 0.23076923 | G47: =0/13 -> 0 | H47: =0/13 -> 0
A48: 45959 | B48: =0/1 -> 0 | C48: =0/1 -> 0 | D48: =0/1 -> 0 | E48: =0/13 -> 0 | F48: =1/13 -> 0.076923077 | G48: =0/13 -> 0 | H48: =1/13 -> 0.076923077
A49: 45960 | B49: =0/2 -> 0 | C49: =0/2 -> 0 | D49: =0/2 -> 0 | E49: =0/13 -> 0 | F49: =2/13 -> 0.15384615 | G49: =0/13 -> 0 | H49: =1/13 -> 0.076923077
A50: 45961 | B50: =0/1 -> 0 | C50: =0/1 -> 0 | D50: =0/1 -> 0 | E50: =0/13 -> 0 | F50: =1/13 -> 0.076923077 | G50: =0/13 -> 0 | H50: =0/13 -> 0
A51: 10/27/25 Weekly Total | B51: =AVERAGE(B46:B50) -> 0.16666667 | C51: =AVERAGE(C46:C50) -> 0.13333333 | D51: =AVERAGE(D46:D50) -> 0.22666667 | E51: =AVERAGE(E46:E50) -> 0.061538462 | F51: =AVERAGE(F46:F50) -> 0.10769231 | G51: =AVERAGE(G46:G50) -> 0 | H51: =AVERAGE(H46:H50) -> 0.092307692
A52: 45964 | B52: =0/5 -> 0 | C52: =0/5 -> 0 | D52: =3/5 -> 0.6 | E52: =2/13 -> 0.15384615 | F52: =1/13 -> 0.076923077 | G52: =0/13 -> 0 | H52: =1/13 -> 0.076923077
A53: 45965 | B53: =2/5 -> 0.4 | C53: =2/5 -> 0.4 | D53: =2/4 -> 0.5 | E53: =0/13 -> 0 | F53: =2/13 -> 0.15384615 | G53: =0/13 -> 0 | H53: =1/13 -> 0.076923077
A54: 45966 | B54: =0/4 -> 0 | C54: =0/4 -> 0 | D54: =0/4 -> 0 | E54: =2/13 -> 0.15384615 | F54: =3/13 -> 0.23076923 | G54: =0/13 -> 0 | H54: =1/13 -> 0.076923077
A55: 45967 | B55: =1/4 -> 0.25 | C55: =1/4 -> 0.25 | D55: =0/3 -> 0 | E55: =0/13 -> 0 | F55: =2/13 -> 0.15384615 | G55: =0/13 -> 0 | H55: =2/13 -> 0.15384615
A56: 45968 | B56: =1/2 -> 0.5 | C56: =0/2 -> 0 | D56: =1/2 -> 0.5 | E56: =1/13 -> 0.076923077 | F56: =0/13 -> 0 | G56: =0/13 -> 0 | H56: =1/13 -> 0.076923077
A57: 11/3/25 Weekly Total | B57: =AVERAGE(B52:B56) -> 0.23 | C57: =AVERAGE(C52:C56) -> 0.13 | D57: =AVERAGE(D52:D56) -> 0.32 | E57: =AVERAGE(E52:E56) -> 0.076923077 | F57: =AVERAGE(F52:F56) -> 0.12307692 | G57: =AVERAGE(G52:G56) -> 0 | H57: =AVERAGE(H52:H56) -> 0.092307692
A58: 45971 | B58: =1/2 -> 0.5 | C58: =0/2 -> 0 | D58: =1/3 -> 0.33333333 | E58: =1/10 -> 0.1 | F58: =1/10 -> 0.1 | G58: =0/10 -> 0 | H58: =0/10 -> 0 | I58: Late arrival 10:30
A59: 45972 | B59: =2/2 -> 1 | C59: =2/2 -> 1 | D59: =1/2 -> 0.5 | E59: =0/13 -> 0 | F59: =1/13 -> 0.076923077 | G59: =0/13 -> 0 | H59: =1/13 -> 0.076923077
A60: 45973 | B60: =2/6 -> 0.33333333 | C60: =2/6 -> 0.33333333 | D60: =1/5 -> 0.2 | E60: =1/13 -> 0.076923077 | F60: =0/13 -> 0 | G60: =1/13 -> 0.076923077 | H60: =3/13 -> 0.23076923
A61: 45974 | B61: =3/6 -> 0.5 | C61: =2/6 -> 0.33333333 | D61: =0/6 -> 0 | E61: =0/13 -> 0 | F61: =2/13 -> 0.15384615 | G61: =0/13 -> 0 | H61: =1/13 -> 0.076923077
A62: 45975 | B62: =2/4 -> 0.5 | C62: =0/4 -> 0 | D62: =2/5 -> 0.4 | E62: =0/13 -> 0 | F62: =2/13 -> 0.15384615 | G62: =0/13 -> 0 | H62: =1/13 -> 0.076923077
A63: 11/10/25 Weekly Total | B63: =AVERAGE(B58:B62) -> 0.56666667 | C63: =AVERAGE(C58:C62) -> 0.33333333 | D63: =AVERAGE(D58:D62) -> 0.28666667 | E63: =AVERAGE(E58:E62) -> 0.035384615 | F63: =AVERAGE(F58:F62) -> 0.096923077 | G63: =AVERAGE(G58:G62) -> 0.015384615 | H63: =AVERAGE(H58:H62) -> 0.092307692
A64: 45978 | B64: =5/5 -> 1 | C64: =2/5 -> 0.4 | D64: =3/6 -> 0.5 | E64: =3/13 -> 0.23076923 | F64: =0/13 -> 0 | G64: =0/13 -> 0 | H64: =1/13 -> 0.076923077
A65: 45979 | B65: =2/4 -> 0.5 | C65: =2/4 -> 0.5 | D65: =0/4 -> 0 | E65: =0/13 -> 0 | F65: =2/13 -> 0.15384615 | G65: =0/13 -> 0 | H65: =2/13 -> 0.15384615
A66: 45980 | B66: 0 | C66: =1/1 -> 1 | D66: 0 | E66: =0/13 -> 0 | F66: =0/13 -> 0 | G66: =0/13 -> 0 | H66: =0/13 -> 0
A67: 45981 | B67: =4/7 -> 0.57142857 | C67: =2/7 -> 0.28571429 | D67: =3/7 -> 0.42857143 | E67: =3/13 -> 0.23076923 | F67: =2/13 -> 0.15384615 | G67: =0/13 -> 0 | H67: =1/13 -> 0.076923077
A68: 45982 | B68: =0/2 -> 0 | C68: =2/4 -> 0.5 | D68: =2/4 -> 0.5 | E68: =1/13 -> 0.076923077 | F68: =0/13 -> 0 | G68: =1/13 -> 0.076923077 | H68: =1/13 -> 0.076923077
A69: 11/17/25 Weekly Total | B69: =AVERAGE(B64:B68) -> 0.41428571 | C69: =AVERAGE(C64:C68) -> 0.53714286 | D69: =AVERAGE(D64:D68) -> 0.28571429 | E69: =AVERAGE(E64:E68) -> 0.10769231 | F69: =AVERAGE(F64:F68) -> 0.061538462 | G69: =AVERAGE(G64:G68) -> 0.015384615 | H69: =AVERAGE(H64:H68) -> 0.076923077
A70: 45992 | B70: =2/6 -> 0.33333333 | C70: =1/6 -> 0.16666667 | D70: =3/7 -> 0.42857143 | E70: =0/13 -> 0 | F70: =4/13 -> 0.30769231 | G70: =0/13 -> 0 | H70: =0/13 -> 0
A71: 45993 | B71: =4/5 -> 0.8 | C71: =1/5 -> 0.2 | D71: =1/6 -> 0.16666667 | E71: =0/13 -> 0 | F71: =2/13 -> 0.15384615 | G71: =0/13 -> 0 | H71: =0/13 -> 0
A72: 45994 | B72: =1/4 -> 0.25 | C72: =1/4 -> 0.25 | D72: =2/5 -> 0.4 | E72: =1/13 -> 0.076923077 | F72: =2/13 -> 0.15384615 | G72: =0/13 -> 0 | H72: =1/13 -> 0.076923077
A73: 45995 | B73: =6/8 -> 0.75 | C73: =1/8 -> 0.125 | D73: =2/6 -> 0.33333333 | E73: =4/13 -> 0.30769231 | F73: =1/13 -> 0.076923077 | G73: =0/13 -> 0 | H73: =0/13 -> 0
A74: 45996 | B74: =4/6 -> 0.66666667 | C74: =0/6 -> 0 | D74: =3/6 -> 0.5 | E74: =1/13 -> 0.076923077 | F74: =2/13 -> 0.15384615 | G74: =0/13 -> 0 | H74: =4/13 -> 0.30769231
A75: 12/1/25 Weekly Total | B75: =AVERAGE(B70:B74) -> 0.56 | C75: =AVERAGE(C70:C74) -> 0.14833333 | D75: =AVERAGE(D70:D74) -> 0.36571429 | E75: =AVERAGE(E70:E74) -> 0.092307692 | F75: =AVERAGE(F70:F74) -> 0.16923077 | G75: =AVERAGE(G70:G74) -> 0 | H75: =AVERAGE(H70:H74) -> 0.076923077
A76: 45999 | B76: =3/8 -> 0.375 | C76: =1/8 -> 0.125 | D76: =2/9 -> 0.22222222 | E76: =1/13 -> 0.076923077 | F76: =3/13 -> 0.23076923 | G76: =1/13 -> 0.076923077 | H76: =4/13 -> 0.30769231
A77: 46000 | B77: =1/1 -> 1 | C77: =0/1 -> 0 | D77: Na | E77: =0/13 -> 0 | F77: =0/13 -> 0 | G77: =0/13 -> 0 | H77: =0/13 -> 0
A78: 46001 | B78: =4/5 -> 0.8 | C78: =1/5 -> 0.2 | D78: =2/4 -> 0.5 | E78: =1/13 -> 0.076923077 | F78: =2/13 -> 0.15384615 | G78: =0/13 -> 0 | H78: =2/13 -> 0.15384615
A79: 46002 | B79: =5/7 -> 0.71428571 | C79: =1/7 -> 0.14285714 | D79: =1/6 -> 0.16666667 | E79: =3/13 -> 0.23076923 | F79: =1/13 -> 0.076923077 | G79: =0/13 -> 0 | H79: =3/13 -> 0.23076923
A80: 46003 | B80: =1/3 -> 0.33333333 | C80: =1/3 -> 0.33333333 | D80: =1/2 -> 0.5 | E80: =1/12 -> 0.083333333 | F80: =1/12 -> 0.083333333 | G80: =0/12 -> 0 | H80: =0/13 -> 0 | I80: Late arrival
A81: 12/8/25 Weekly Total | B81: =AVERAGE(B76:B80) -> 0.64452381 | C81: =AVERAGE(C76:C80) -> 0.1602381 | D81: =AVERAGE(D76:D80) -> 0.34722222 | E81: =AVERAGE(E76:E80) -> 0.093589744 | F81: =AVERAGE(F76:F80) -> 0.10897436 | G81: =AVERAGE(G76:G80) -> 0.015384615 | H81: =AVERAGE(H76:H80) -> 0.13846154
A82: 46006 | B82: =2/6 -> 0.33333333 | C82: =0/6 -> 0 | D82: =0/5 -> 0 | E82: =0/5 -> 0 | F82: =4/13 -> 0.30769231 | G82: =0/13 -> 0 | H82: =2/13 -> 0.15384615
A83: 46007 | B83: =1/2 -> 0.5 | C83: =0/2 -> 0 | D83: =1/2 -> 0.5 | E83: =0/13 -> 0 | F83: =2/13 -> 0.15384615 | G83: =0/13 -> 0 | H83: =0/13 -> 0
A84: 46008 | B84: =2/8 -> 0.25 | C84: =1/8 -> 0.125 | D84: =3/9 -> 0.33333333 | E84: =2/12 -> 0.16666667 | F84: =2/12 -> 0.16666667 | G84: =0/12 -> 0 | H84: =7/12 -> 0.58333333 | I84: Afternoon with AP, sent home early for violence at recess (see notes)
A85: 46009 | I85: Absent
A86: 46010 | B86: =1/4 -> 0.25 | C86: =1/4 -> 0.25 | D86: =4/5 -> 0.8 | E86: =0/13 -> 0 | F86: =2/13 -> 0.15384615 | G86: =0/13 -> 0 | H86: =2/13 -> 0.15384615 | I86: In D/hh all morning
A87: 12/15/25 Weekly Total | B87: =AVERAGE(B82:B86) -> 0.33333333 | C87: =AVERAGE(C82:C86) -> 0.09375 | D87: =AVERAGE(D82:D86) -> 0.40833333 | E87: =AVERAGE(E82:E86) -> 0.041666667 | F87: =AVERAGE(F82:F86) -> 0.19551282 | G87: =AVERAGE(G82:G86) -> 0 | H87: =AVERAGE(H82:H86) -> 0.22275641
A88: 46013 | B88: =4/7 -> 0.57142857 | C88: =2/7 -> 0.28571429 | D88: =4/7 -> 0.57142857 | E88: =0/13 -> 0 | F88: =3/13 -> 0.23076923 | G88: =0/13 -> 0 | H88: =3/13 -> 0.23076923
A89: 46014 | B89: =1/1 -> 1 | C89: =1/1 -> 1 | D89: =0/13 -> 0 | E89: =0/13 -> 0 | F89: =0/13 -> 0 | G89: =0/13 -> 0 | H89: =0/13 -> 0
A90: 12/22/25 Weekly Total | B90: =AVERAGE(B88:B89) -> 0.78571429 | C90: =AVERAGE(C88:C89) -> 0.64285714 | D90: =AVERAGE(D88:D89) -> 0.28571429 | E90: =AVERAGE(E88:E89) -> 0 | F90: =AVERAGE(F88:F89) -> 0.11538462 | G90: =AVERAGE(G88:G89) -> 0 | H90: =AVERAGE(H88:H89) -> 0.11538462
A91: 46027 | B91: =1/1 -> 1 | C91: =0/1 -> 0 | D91: =0/1 -> 0 | E91: =0/11 -> 0 | F91: =1/11 -> 0.090909091 | G91: =0/11 -> 0 | H91: =0/11 -> 0 | I91: Late arrival
A92: 46028 | B92: =2/2 -> 1 | C92: =2/2 -> 1 | D92: =0/2 -> 0 | E92: =1/13 -> 0.076923077 | F92: =1/13 -> 0.076923077 | G92: =0/13 -> 0 | H92: =1/13 -> 0.076923077
A93: 46029 | B93: =5/7 -> 0.71428571 | C93: =1/7 -> 0.14285714 | D93: =2/5 -> 0.4 | E93: =0/13 -> 0 | F93: =2/13 -> 0.15384615 | G93: =0/13 -> 0 | H93: =2/13 -> 0.15384615
A94: 46030 | B94: =2/5 -> 0.4 | C94: =2/5 -> 0.4 | D94: =2/4 -> 0.5 | E94: =1/13 -> 0.076923077 | F94: =1/13 -> 0.076923077 | G94: =1/13 -> 0.076923077 | H94: =2/13 -> 0.15384615
A95: 46031 | I95: Absent
A96: 1/5/26 Weekly Total | B96: =AVERAGE(B91:B95) -> 0.77857143 | C96: =AVERAGE(C91:C95) -> 0.38571429 | D96: =AVERAGE(D91:D95) -> 0.225 | E96: =AVERAGE(E91:E95) -> 0.038461538 | F96: =AVERAGE(F91:F95) -> 0.09965035 | G96: =AVERAGE(G91:G95) -> 0.019230769 | H96: =AVERAGE(H91:H95) -> 0.096153846
A97: 46034 | B97: =1/3 -> 0.33333333 | C97: =1/3 -> 0.33333333 | D97: =1/2 -> 0.5 | E97: =0/13 -> 0 | F97: =1/13 -> 0.076923077 | G97: =0/13 -> 0 | H97: =0/13 -> 0
A98: 46035 | B98: =3/6 -> 0.5 | C98: =1/6 -> 0.16666667 | D98: =2/5 -> 0.4 | E98: =2/13 -> 0.15384615 | F98: =1/13 -> 0.076923077 | G98: =0/13 -> 0 | H98: =1/13 -> 0.076923077
A99: 46036 | B99: =1/6 -> 0.16666667 | C99: =1/6 -> 0.16666667 | D99: =2/6 -> 0.33333333 | E99: =4/13 -> 0.30769231 | F99: =0/13 -> 0 | G99: =0/13 -> 0 | H99: =2/13 -> 0.15384615
A100: 46037 | B100: =1/6 -> 0.16666667 | C100: =0/6 -> 0 | D100: =1/6 -> 0.16666667 | E100: =1/13 -> 0.076923077 | F100: =2/13 -> 0.15384615 | G100: =0/13 -> 0 | H100: =3/13 -> 0.23076923
...

Sheet Weekly
A1: Date | B1: Used Replacement Behavior | C1: How many replacement behaviors did he request? | D1: Did he name an accurate emotion? | E1: Elopement Mild | F1: Elopement Moderate | G1: Elopement Severe | H1: Behaviors Exhibited (Physical aggression, Property destruction, verbal outbursts) | I1: Comments
A2: Totals | B2: =Averageif(B4:B17, ">0") -> 0.49606881 | C2: =Averageif(C4:C17, ">0") -> 0.22088435 | D2: =Averageif(D4:D17, ">0") -> 0.29811224 | E2: =Averageif(E4:E17, ">0") -> 0.070927022 | F2: =Averageif(F4:F17, ">0") -> 0.093648915 | G2: =Averageif(G4:G17, ">0") -> 0.015384615 | H2: =Averageif(H4:H17, ">0") -> 0.098305531
A3: Percentages | B3: =averageif(B4:B40, ">0") -> 0.53037876 | C3: =averageif(C4:C40, ">0") -> 0.24905837 | D3: =averageif(D4:D40, ">0") -> 0.31871981 | E3: =averageif(E4:E40, ">0") -> 0.073928571 | F3: =averageif(F4:F40, ">0") -> 0.10118457 | G3: =averageif(G4:G40, ">0") -> 0.015934066 | H3: =averageif(H4:H40, ">0") -> 0.12072862
A4: =Daily!A7 -> 9/2/25 Weekly Total | B4: =Daily!B7 -> 0.875 | C4: =Daily!C7 -> 0.3125 | D4: =Daily!D7 -> 0.16666667 | E4: =Daily!E7 -> 0.038461538 | F4: =Daily!F7 -> 0 | G4: =Daily!G7 -> 0 | H4: =Daily!H7 -> 0.038461538 | I4: =Daily!I7
A5: =Daily!A13 -> 9/8/25 Weekly Total | B5: =Daily!B13 -> 0.83333333 | C5: =Daily!C13 -> 0.36666667 | D5: =Daily!D13 -> 0.37380952 | E5: =Daily!E13 -> 0.035384615 | F5: =Daily!F13 -> 0.015384615 | G5: =Daily!G13 -> 0 | H5: =Daily!H13 -> 0.044230769 | I5: =Daily!I13
A6: =Daily!A19 -> 9/15/25 Weekly Total | B6: =Daily!B19 -> 0.47115385 | C6: =Daily!C19 -> 0.083333333 | D6: =Daily!D19 -> 0.11666667 | E6: =Daily!E19 -> 0.10769231 | F6: =Daily!F19 -> 0.046153846 | G6: =Daily!G19 -> 0 | H6: =Daily!H19 -> 0.076923077 | I6: =Daily!I19
A7: =Daily!A25 -> 9/22/25 Weekly Total | B7: =Daily!B25 -> 0.43333333 | C7: =Daily!C25 -> 0.16666667 | D7: =Daily!D25 -> 0.26666667 | E7: =Daily!E25 -> 0.092307692 | F7: =Daily!F25 -> 0.092307692 | G7: =Daily!G25 -> 0 | H7: =Daily!H25 -> 0.16922615 | I7: =Daily!I25
A8: =Daily!A31 -> 9/29/25 Weekly Total | B8: =Daily!B31 -> 0.53333333 | C8: =Daily!C31 -> 0.11666667 | D8: =Daily!D31 -> 0.47333333 | E8: =Daily!E31 -> 0.046153846 | F8: =Daily!F31 -> 0.10769231 | G8: =Daily!G31 -> 0.015384615 | H8: =Daily!H31 -> 0.21538462 | I8: =Daily!I31
A9: =Daily!A36 -> 10/7/25 Weekly Total | B9: =Daily!B36 -> 0.4875 | C9: =Daily!C36 -> 0.375 | D9: =Daily!D36 -> 0.33333333 | E9: =Daily!E36 -> 0.038461538 | F9: =Daily!F36 -> 0.057692308 | G9: =Daily!G36 -> 0 | H9: =Daily!H36 -> 0.057692308 | I9: =Daily!I36
A10: =Daily!A40 -> 10/13/25 Weekly Total | B10: =Daily!B40 -> 0.33333333 | C10: =Daily!C40 -> 0.16666667 | D10: =Daily!D40 -> 0.27777778 | E10: =Daily!E40 -> 0 | F10: =Daily!F40 -> 0.15384615 | G10: =Daily!G40 -> 0 | H10: =Daily!H40 -> 0.12820513 | I10: =Daily!I40
A11: =Daily!A45 -> 10/21/25 Weekly Total | B11: =Daily!B45 -> 0.39583333 | C11: =Daily!C45 -> 0.0625 | D11: =Daily!D45 -> 0.33333333 | E11: =Daily!E45 -> 0.096153846 | F11: =Daily!F45 -> 0.076923077 | G11: =Daily!G45 -> 0 | H11: =Daily!H45 -> 0.076923077 | I11: =Daily!I45
A12: =Daily!A51 -> 10/27/25 Weekly Total | B12: =Daily!B51 -> 0.16666667 | C12: =Daily!C51 -> 0.13333333 | D12: =Daily!D51 -> 0.22666667 | E12: =Daily!E51 -> 0.061538462 | F12: =Daily!F51 -> 0.10769231 | G12: =Daily!G51 -> 0 | H12: =Daily!H51 -> 0.092307692 | I12: =Daily!I51
A13: =Daily!A57 -> 11/3/25 Weekly Total | B13: =Daily!B57 -> 0.23 | C13: =Daily!C57 -> 0.13 | D13: =Daily!D57 -> 0.32 | E13: =Daily!E57 -> 0.076923077 | F13: =Daily!F57 -> 0.12307692 | G13: =Daily!G57 -> 0 | H13: =Daily!H57 -> 0.092307692 | I13: =Daily!I57
A14: =Daily!A63 -> 11/10/25 Weekly Total | B14: =Daily!B63 -> 0.56666667 | C14: =Daily!C63 -> 0.33333333 | D14: =Daily!D63 -> 0.28666667 | E14: =Daily!E63 -> 0.035384615 | F14: =Daily!F63 -> 0.096923077 | G14: =Daily!G63 -> 0.015384615 | H14: =Daily!H63 -> 0.092307692 | I14: =Daily!I63
A15: =Daily!A69 -> 11/17/25 Weekly Total | B15: =Daily!B69 -> 0.41428571 | C15: =Daily!C69 -> 0.53714286 | D15: =Daily!D69 -> 0.28571429 | E15: =Daily!E69 -> 0.10769231 | F15: =Daily!F69 -> 0.061538462 | G15: =Daily!G69 -> 0.015384615 | H15: =Daily!H69 -> 0.076923077 | I15: =Daily!I69
A16: =Daily!A75 -> 12/1/25 Weekly Total | B16: =Daily!B75 -> 0.56 | C16: =Daily!C75 -> 0.14833333 | D16: =Daily!D75 -> 0.36571429 | E16: =Daily!E75 -> 0.092307692 | F16: =Daily!F75 -> 0.16923077 | G16: =Daily!G75 -> 0 | H16: =Daily!H75 -> 0.076923077 | I16: =Daily!I75
A17: =Daily!A81 -> 12/8/25 Weekly Total | B17: =Daily!B81 -> 0.64452381 | C17: =Daily!C81 -> 0.1602381 | D17: =Daily!D81 -> 0.34722222 | E17: =Daily!E81 -> 0.093589744 | F17: =Daily!F81 -> 0.10897436 | G17: =Daily!G81 -> 0.015384615 | H17: =Daily!H81 -> 0.13846154 | I17: =Daily!I81
A18: =Daily!A87 -> 12/15/25 Weekly Total | B18: =Daily!B87 -> 0.33333333 | C18: =Daily!C87 -> 0.09375 | D18: =Daily!D87 -> 0.40833333 | E18: =Daily!E87 -> 0.041666667 | F18: =Daily!F87 -> 0.19551282 | G18: =Daily!G87 -> 0 | H18: =Daily!H87 -> 0.22275641 | I18: =Daily!I87
A19: =Daily!A90 -> 12/22/25 Weekly Total | B19: =Daily!B90 -> 0.78571429 | C19: =Daily!C90 -> 0.64285714 | D19: =Daily!D90 -> 0.28571429 | E19: =Daily!E90 -> 0 | F19: =Daily!F90 -> 0.11538462 | G19: =Daily!G90 -> 0 | H19: =Daily!H90 -> 0.11538462 | I19: =Daily!I90
A20: =Daily!A96 -> 1/5/26 Weekly Total | B20: =Daily!B96 -> 0.77857143 | C20: =Daily!C96 -> 0.38571429 | D20: =Daily!D96 -> 0.225 | E20: =Daily!E96 -> 0.038461538 | F20: =Daily!F96 -> 0.09965035 | G20: =Daily!G96 -> 0.019230769 | H20: =Daily!H96 -> 0.096153846 | I20: =Daily!I96
A21: =Daily!A102 -> 1/12/26 Weekly Total | B21: =Daily!B102 -> 0.33333333 | C21: =Daily!C102 -> 0.18333333 | D21: =Daily!D102 -> 0.33 | E21: =Daily!E102 -> 0.15384615 | F21: =Daily!F102 -> 0.061538462 | G21: =Daily!G102 -> 0 | H21: =Daily!H102 -> 0.10769231 | I21: =Daily!I102
A22: =Daily!A107 -> 1/20/26 Weekly Total | B22: =Daily!B107 -> 0.5 | C22: =Daily!C107 -> 0.33333333 | D22: =Daily!D107 -> 0.22222222 | E22: =Daily!E107 -> 0 | F22: =Daily!F107 -> 0.076923077 | G22: =Daily!G107 -> 0 | H22: =Daily!H107 -> 0.13589744 | I22: =Daily!I107
A23: =Daily!A113 -> 1/26/26 Weekly Total | B23: =Daily!B113 -> 0.48095238 | C23: =Daily!C113 -> 0.057142857 | D23: =Daily!D113 -> 0.18571429 | E23: =Daily!E113 -> 0.061538462 | F23: =Daily!F113 -> 0.16923077 | G23: =Daily!G113 -> 0.015384615 | H23: =Daily!H113 -> 0.27692308 | I23: =Daily!I113
A24: =Daily!A119 -> 2/2/26 Weekly Total | B24: =Daily!B119 -> 0.35 | C24: =Daily!C119 -> 0.3 | D24: =Daily!D119 -> 0 | E24: =Daily!E119 -> 0.032051282 | F24: =Daily!F119 -> 0.030769231 | G24: =Daily!G119 -> 0.015384615 | H24: =Daily!H119 -> 0.11153846 | I24: =Daily!I119
A25: =Daily!A125 -> 2/9/26 Weekly Total | B25: =Daily!B125 -> 0.47777778 | C25: =Daily!C125 -> 0.17777778 | D25: =Daily!D125 -> 0.31666667 | E25: =Daily!E125 -> 0.057692308 | F25: =Daily!F125 -> 0.17692308 | G25: =Daily!G125 -> 0 | H25: =Daily!H125 -> 0.22115385 | I25: =Daily!I125
A26: =Daily!A129 -> 2/17/26 Weekly Total | B26: =Daily!B129 -> 0.74444444 | C26: =Daily!C129 -> 0.37777778 | D26: =Daily!D129 -> 0.51666667 | E26: =Daily!E129 -> 0.014423077 | F26: =Daily!F129 -> 0.082692308 | G26: =Daily!G129 -> 0 | H26: =Daily!H129 -> 0.11298077 | I26: =Daily!I129
A27: =Daily!A135 -> 2/23/26 Weekly Total | B27: =Daily!B135 -> 1 | C27: =Daily!C135 -> 0.33333333 | D27: =Daily!D135 -> 0.66666667 | E27: =Daily!E135 -> 0.23076923 | F27: =Daily!F135 -> 0 | G27: =Daily!G135 -> 0 | H27: =Daily!H135 -> 0 | I27: =Daily!I135
A28: =Daily!A140 -> 3/2/26 Weekly Total | B28: =Daily!B140 -> #DIV/0! | C28: =Daily!C140 -> #DIV/0! | D28: =Daily!D140 -> #DIV/0! | E28: =Daily!E140 -> #DIV/0! | F28: =Daily!F140 -> #DIV/0! | G28: =Daily!G140 -> #DIV/0! | H28: =Daily!H140 -> #DIV/0! | I28: =Daily!I140
A29: =Daily!A145 -> 3/10/26 Weekly Total | B29: =Daily!B145 -> #DIV/0! | C29: =Daily!C145 -> #DIV/0! | D29: =Daily!D145 -> #DIV/0! | E29: =Daily!E145 -> #DIV/0! | F29: =Daily!F145 -> #DIV/0! | G29: =Daily!G145 -> #DIV/0! | H29: =Daily!H145 -> #DIV/0! | I29: =Daily!I145
A30: =Daily!A151 -> 3/16/26 Weekly Total | B30: =Daily!B151 -> #DIV/0! | C30: =Daily!C151 -> #DIV/0! | D30: =Daily!D151 -> #DIV/0! | E30: =Daily!E151 -> #DIV/0! | F30: =Daily!F151 -> #DIV/0! | G30: =Daily!G151 -> #DIV/0! | H30: =Daily!H151 -> #DIV/0! | I30: =Daily!I151
A31: =Daily!A157 -> 3/23/26 Weekly Total | B31: =Daily!B157 -> #DIV/0! | C31: =Daily!C157 -> #DIV/0! | D31: =Daily!D157 -> #DIV/0! | E31: =Daily!E157 -> #DIV/0! | F31: =Daily!F157 -> #DIV/0! | G31: =Daily!G157 -> #DIV/0! | H31: =Daily!H157 -> #DIV/0! | I31: =Daily!I157
A32: =Daily!A163 -> 4/6/26 Weekly Total | B32: =Daily!B163 -> #DIV/0! | C32: =Daily!C163 -> #DIV/0! | D32: =Daily!D163 -> #DIV/0! | E32: =Daily!E163 -> #DIV/0! | F32: =Daily!F163 -> #DIV/0! | G32: =Daily!G163 -> #DIV/0! | H32: =Daily!H163 -> #DIV/0! | I32: =Daily!I163
A33: =Daily!A169 -> 4/13/26 Weekly Total | B33: =Daily!B169 -> #DIV/0! | C33: =Daily!C169 -> #DIV/0! | D33: =Daily!D169 -> #DIV/0! | E33: =Daily!E169 -> #DIV/0! | F33: =Daily!F169 -> #DIV/0! | G33: =Daily!G169 -> #DIV/0! | H33: =Daily!H169 -> #DIV/0! | I33: =Daily!I169
A34: =Daily!A175 -> 4/20/26 Weekly Total | B34: =Daily!B175 -> #DIV/0! | C34: =Daily!C175 -> #DIV/0! | D34: =Daily!D175 -> #DIV/0! | E34: =Daily!E175 -> #DIV/0! | F34: =Daily!F175 -> #DIV/0! | G34: =Daily!G175 -> #DIV/0! | H34: =Daily!H175 -> #DIV/0! | I34: =Daily!I175
A35: =Daily!A181 -> 4/27/26 Weekly Total | B35: =Daily!B181 -> #DIV/0! | C35: =Daily!C181 -> #DIV/0! | D35: =Daily!D181 -> #DIV/0! | E35: =Daily!E181 -> #DIV/0! | F35: =Daily!F181 -> #DIV/0! | G35: =Daily!G181 -> #DIV/0! | H35: =Daily!H181 -> #DIV/0! | I35: =Daily!I181
A36: =Daily!A187 -> 5/4/26 Weekly Total | B36: =Daily!B187 -> #DIV/0! | C36: =Daily!C187 -> #DIV/0! | D36: =Daily!D187 -> #DIV/0! | E36: =Daily!E187 -> #DIV/0! | F36: =Daily!F187 -> #DIV/0! | G36: =Daily!G187 -> #DIV/0! | H36: =Daily!H187 -> #DIV/0! | I36: =Daily!I187
A37: =Daily!A193 -> 5/11/26 Weekly Total | B37: =Daily!B193 -> #DIV/0! | C37: =Daily!C193 -> #DIV/0! | D37: =Daily!D193 -> #DIV/0! | E37: =Daily!E193 -> #DIV/0! | F37: =Daily!F193 -> #DIV/0! | G37: =Daily!G193 -> #DIV/0! | H37: =Daily!H193 -> #DIV/0! | I37: =Daily!I193
A38: =Daily!A199 -> 5/18/26 Weekly Total | B38: =Daily!B199 -> #DIV/0! | C38: =Daily!C199 -> #DIV/0! | D38: =Daily!D199 -> #DIV/0! | E38: =Daily!E199 -> #DIV/0! | F38: =Daily!F199 -> #DIV/0! | G38: =Daily!G199 -> #DIV/0! | H38: =Daily!H199 -> #DIV/0! | I38: =Daily!I199
A39: =Daily!A204 -> 5/26/26 Weekly Total | B39: =Daily!B204 -> #DIV/0! | C39: =Daily!C204 -> #DIV/0! | D39: =Daily!D204 -> #DIV/0! | E39: =Daily!E204 -> #DIV/0! | F39: =Daily!F204 -> #DIV/0! | G39: =Daily!G204 -> #DIV/0! | H39: =Daily!H204 -> #DIV/0! | I39: =Daily!I204
A40: =Daily!A210 -> 6/1/26 Weekly Total | B40: =Daily!B210 -> #DIV/0! | C40: =Daily!C210 -> #DIV/0! | D40: =Daily!D210 -> #DIV/0! | E40: =Daily!E210 -> #DIV/0! | F40: =Daily!F210 -> #DIV/0! | G40: =Daily!G210 -> #DIV/0! | H40: =Daily!H210 -> #DIV/0! | I40: =Daily!I210

Sheet Elopment
A1: Date | B1: DD | C1: 9:00 Social Skills | D1: 9:30 Bridges | E1: 10:00 Math | F1: 10:30:00 AM DHH - math | G1: 11:00:00 AM Specials | H1: 11:30:00 AM -Specials | I1: 12:00 Whole Group Reading | J1: 12:30 DHH Reading | K1: 1:00 Recess | L1: 1:30 Lunch | M1: 2:00 Reading | N1: 2:30 Reading | O1: 3:00 Dismissal | P1: TOTAL | R1: Average In Class: | S1: =AVERAGEIF(R:R,">0") -> 0.83394378
A2: Totals from below: | C2: =countif(C3:C104, "<>") - COUNTIF(C3:C104, "in class") -> 10 | D2: =countif(D3:D104, "<>") - COUNTIF(D3:D104, "in class") -> 24 | E2: =countif(E3:E104, "<>") - COUNTIF(E3:E104, "in class") -> 25 | F2: =countif(F3:F104, "<>") - COUNTIF(F3:F104, "in class") -> 26 | G2: =countif(G3:G104, "<>") - COUNTIF(G3:G104, "in class") -> 25 | H2: =countif(H3:H104, "<>") - COUNTIF(H3:H104, "in class") -> 10 | I2: =countif(I3:I104, "<>") - COUNTIF(I3:I104, "in class") -> 18 | J2: =countif(J3:J104, "<>") - COUNTIF(J3:J104, "in class") -> 13 | ... O2: =countif(O3:O104, "<>") - COUNTIF(O3:O104, "in class") -> 14
A3: 45902 | C3: In class | D3: In class | E3: In class | F3: In class | G3: In class | H3: In class | I3: In class | J3: In class | K3: In class | L3: In class | M3: In class | N3: In class | O3: In class | P3: =COUNTIF(C3:O3,"In class") -> 13 | Q3: 13 | R3: =P3/Q3 -> 1 | S3: *none
A4: 45903 | C4: In class | D4: In class | E4: In class | F4: In class | G4: Mild | H4: In class | I4: In class | J4: In class | K4: In class | L4: In class | M4: In class | N4: In class | O4: In class | P4: =COUNTIF(C4:O4,"In class") -> 12 | Q4: 13 | R4: =P4/Q4 -> 0.92307692
A5: 45904 | C5: In class | D5: In class | E5: In class | F5: In class | G5: In class | H5: In class | I5: In class | J5: In class | K5: In class | L5: In class | M5: In class | N5: In class | O5: In class | P5: =COUNTIF(C5:O5,"In class") -> 13 | Q5: 13 | R5: =P5/Q5 -> 1 | S5: *none
A6: 45905 | C6: In class | D6: In class | E6: In class | F6: In class | G6: In class | H6: Mod | I6: In class | J6: In class | K6: In class | L6: In class | M6: In class | N6: In class | O6: In class | P6: =COUNTIF(C6:O6,"In class") -> 12 | Q6: 13 | R6: =P6/Q6 -> 0.92307692
A7: 45908 | C7: In class | D7: In class | E7: In class | F7: In class | G7: In class | H7: In class | I7: In class | J7: In class | K7: In class | L7: In class | M7: In class | N7: In class | O7: In class | P7: =COUNTIF(C7:O7,"In class") -> 13 | Q7: 13 | R7: =P7/Q7 -> 1 | S7: *none
A8: 45909 | C8: In class | D8: In class | E8: In class | F8: In class | G8: In class | H8: In class | I8: In class | J8: In class | K8: Mild | L8: In class | M8: In class | N8: In class | O8: In class | P8: =COUNTIF(C8:O8,"In class") -> 12 | Q8: 13 | R8: =P8/Q8 -> 0.92307692
A9: 45910 | C9: In class | D9: In class | E9: In class | F9: In class | G9: In class | H9: Mod | I9: In class | J9: In class | K9: In class | L9: In class | M9: In class | N9: In class | O9: In class | P9: =COUNTIF(C9:O9,"In class") -> 12 | Q9: 13 | R9: =P9/Q9 -> 0.92307692
A10: 45911 | C10: In class | D10: In class | E10: In class | F10: In class | G10: In class | H10: In class | I10: In class | J10: In class | K10: In class | L10: In class | M10: In class | N10: In class | O10: In class | P10: =COUNTIF(C10:O10,"In class") -> 13 | Q10: 13 | R10: =P10/Q10 -> 1 | S10: *none
A11: 45912 | C11: In class | D11: Mild | E11: In class | F11: In class | G11: In class | H11: In class | I11: In class | J11: In class | K11: In class | L11: In class | P11: =COUNTIF(C11:O11,"In class") -> 9 | Q11: 10 | R11: =P11/Q11 -> 0.9 | S11: *left early
A12: 45915 | C12: Mild | D12: In class | E12: In class | F12: In class | G12: In class | H12: In class | I12: In class | J12: In class | K12: In class | L12: In class | M12: In class | N12: In class | O12: In class | P12: =COUNTIF(C12:O12,"In class") -> 12 | Q12: 13 | R12: =P12/Q12 -> 0.92307692
A13: 45916 | C13: Mild | D13: Mild | E13: Mod | F13: Mild | G13: In class | H13: In class | I13: In class | J13: In class | K13: In class | L13: In class | M13: In class | N13: In class | O13: In class | P13: =COUNTIF(C13:O13,"In class") -> 9 | Q13: 13 | R13: =P13/Q13 -> 0.69230769
A14: 45917 | C14: In class | D14: In class | E14: In class | F14: In class | G14: In class | H14: In class | I14: In class | J14: In class | K14: In class | L14: In class | M14: In class | N14: In class | O14: In class | P14: =COUNTIF(C14:O14,"In class") -> 13 | Q14: 13 | R14: =P14/Q14 -> 1 | S14: *none
A15: 45918 | C15: In class | D15: In class | E15: In class | F15: Mild | G15: Mod | H15: In class | I15: In class | J15: In class | K15: Mild | L15: In class | M15: In class | N15: In class | O15: In class | P15: =COUNTIF(C15:O15,"In class") -> 10 | Q15: 13 | R15: =P15/Q15 -> 0.76923077
A16: 45919 | C16: In class | D16: Mod | E16: In class | F16: Mild | G16: In class | H16: In class | I16: In class | J16: In class | K16: In class | L16: In class | M16: In class | N16: In class | O16: In class | P16: =COUNTIF(C16:O16,"In class") -> 11 | Q16: 13 | R16: =P16/Q16 -> 0.84615385
A17: 45922 | C17: In class | D17: In class | E17: Mild | F17: In class | G17: In class | H17: In class | I17: In class | J17: In class | K17: In class | L17: In class | M17: In class | N17: In class | O17: In class | P17: =COUNTIF(C17:O17,"In class") -> 12 | Q17: 13 | R17: =P17/Q17 -> 0.92307692
A18: 45923 | C18: In class | D18: Mild | E18: In class | F18: Mod | G18: In class | H18: In class | I18: In class | J18: In class | K18: Mild | L18: In class | M18: In class | N18: In class | O18: In class | P18: =COUNTIF(C18:O18,"In class") -> 10 | Q18: 13 | R18: =P18/Q18 -> 0.76923077
A19: 45924 | C19: In class | D19: Mild | E19: Mod | F19: In class | G19: In class | H19: In class | I19: In class | J19: In class | K19: Mod | L19: In class | M19: In class | N19: Mild | O19: In class | P19: =COUNTIF(C19:O19,"In class") -> 9 | Q19: 13 | R19: =P19/Q19 -> 0.69230769
A20: 45925 | C20: In class | D20: In class | E20: In class | F20: Mod | G20: In class | H20: In class | I20: In class | J20: In class | K20: In class | L20: Mild | M20: In class | N20: In class | O20: In class | P20: =COUNTIF(C20:O20,"In class") -> 11 | Q20: 13 | R20: =P20/Q20 -> 0.84615385
A21: 45926 | C21: In class | D21: Mod | E21: In class | F21: In class | G21: In class | H21: In class | I21: In class | J21: In class | K21: In class | L21: In class | M21: Mod | N21: In class | O21: In class | P21: =COUNTIF(C21:O21,"In class") -> 11 | Q21: 13 | R21: =P21/Q21 -> 0.84615385
A22: 45929 | C22: Mod | D22: In class | E22: Mild | F22: In class | G22: In class | H22: In class | I22: In class | J22: In class | K22: In class | L22: In class | M22: In class | N22: In class | O22: In class | P22: =COUNTIF(C22:O22,"In class") -> 11 | Q22: 13 | R22: =P22/Q22 -> 0.84615385
A23: 45930 | C23: In class | D23: In class | E23: In class | F23: In class | G23: In class | H23: In class | I23: In class | J23: In class | K23: In class | L23: Mild | M23: Severe | N23: Mod | O23: In class | P23: =COUNTIF(C23:O23,"In class") -> 10 | Q23: 13 | R23: =P23/Q23 -> 0.76923077
A24: 45931 | C24: Mod | D24: Mod | E24: In class | F24: In class | G24: In class | H24: In class | I24: In class | J24: In class | K24: In class | L24: In class | M24: In class | N24: In class | O24: Mild | P24: =COUNTIF(C24:O24,"In class") -> 10 | Q24: 13 | R24: =P24/Q24 -> 0.76923077
A25: 45932 | C25: In class | D25: In class | E25: In class | F25: In class | G25: In class | H25: In class | I25: In class | J25: In class | K25: Mod | L25: Mod | M25: Mod | N25: In class | O25: In class | P25: =COUNTIF(C25:O25,"In class") -> 10 | Q25: 13 | R25: =P25/Q25 -> 0.76923077
A26: 45933 | C26: In class | D26: In class | E26: In class | F26: In class | G26: In class | H26: In class | I26: In class | J26: In class | K26: In class | L26: In class | M26: In class | N26: In class | O26: In class | P26: =COUNTIF(C26:O26,"In class") -> 13 | Q26: 13 | R26: =P26/Q26 -> 1
A27: 45937 | C27: In class | D27: In class | E27: In class | F27: In class | G27: In class | H27: In class | I27: In class | J27: In class | P27: =COUNTIF(C27:O27,"In class") -> 8 | Q27: 8 | R27: =P27/Q27 -> 1 | T27: Left early
A28: 45938 | C28: In class | D28: In class | E28: In class | F28: In class | G28: In class | H28: In class | I28: In class | J28: In class | K28: In class | L28: In class | M28: In class | N28: In class | O28: Mild | P28: =COUNTIF(C28:O28,"In class") -> 12 | Q28: 13 | R28: =P28/Q28 -> 0.92307692
A29: 45939 | C29: In class | D29: In class | E29: In class | F29: In class | G29: In class | H29: In class | I29: In class | J29: In class | K29: In class | L29: In class | M29: In class | N29: Mild | O29: In class | P29: =COUNTIF(C29:O29,"In class") -> 12 | Q29: 13 | R29: =P29/Q29 -> 0.92307692
A30: 45940 | C30: In class | D30: In class | E30: Mod | F30: In class | G30: Mod | H30: In class | I30: In class | J30: In class | K30: In class | L30: In class | M30: In class | N30: In class | O30: In class | P30: =COUNTIF(C30:O30,"In class") -> 11 | Q30: 13 | R30: =P30/Q30 -> 0.84615385
A31: 45943 | C31: Mod | D31: Mod | E31: Mod | F31: In class | G31: Mod | H31: Mod | I31: In class | J31: In class | K31: In class | L31: In class | M31: In class | N31: In class | O31: In class | P31: =COUNTIF(C31:O31,"In class") -> 8 | Q31: 13 | R31: =P31/Q31 -> 0.61538462
A32: 45944 | C32: In class | D32: In class | E32: In class | F32: In class | G32: In class | H32: In class | I32: In class | J32: In class | K32: In class | L32: In class | M32: In class | N32: In class | O32: In class | P32: =COUNTIF(C32:O32,"In class") -> 13 | Q32: 13 | R32: =P32/Q32 -> 1
A33: 45945 | C33: In class | D33: In class | E33: Mod | F33: In class | G33: In class | H33: In class | I33: In class | J33: In class | K33: In class | L33: In class | M33: In class | N33: In class | O33: In class | P33: =COUNTIF(C33:O33,"In class") -> 12 | Q33: 13 | R33: =P33/Q33 -> 0.92307692
A34: 45951 | C34: In class | D34: In class | E34: In class | F34: In class | G34: Mild | H34: In class | I34: In class | J34: In class | K34: In class | L34: In class | M34: In class | N34: Mod | O34: In class | P34: =COUNTIF(C34:O34,"In class") -> 11 | Q34: 13 | R34: =P34/Q34 -> 0.84615385
A35: 45952 | C35: In class | D35: Mild | E35: In class | F35: In class | G35: In class | H35: In class | I35: In class | J35: Mod | K35: In class | L35: In class | M35: In class | N35: In class | O35: In class | P35: =COUNTIF(C35:O35,"In class") -> 11 | Q35: 13 | R35: =P35/Q35 -> 0.84615385
A36: 45953 | C36: In class | D36: In class | E36: Mild | F36: In class | G36: In class | H36: In class | I36: In class | J36: In class | K36: In class | L36: In class | M36: Mild | N36: Mod | O36: In class | P36: =COUNTIF(C36:O36,"In class") -> 10 | Q36: 13 | R36: =P36/Q36 -> 0.76923077
A37: 45954 | C37: In class | D37: In class | E37: Mod | F37: In class | G37: In class | H37: In class | I37: In class | J37: In class | K37: In class | L37: In class | M37: In class | N37: In class | O37: In class | P37: =COUNTIF(C37:O37,"In class") -> 12 | Q37: 13 | R37: =P37/Q37 -> 0.92307692
A38: 45957 | C38: In class | D38: In class | E38: In class | F38: In class | G38: In class | H38: In class | I38: In class | J38: In class | K38: In class | L38: Mild | M38: Mild | N38: Mild | O38: Mild | P38: =COUNTIF(C38:O38,"In class") -> 9 | Q38: 13 | R38: =P38/Q38 -> 0.69230769
A39: 45958 | C39: In class | D39: In class | E39: In class | F39: In class | G39: In class | H39: In class | I39: Mod | J39: In class | K39: In class | L39: In class | M39: Mod | N39: In class | O39: Mod | P39: =COUNTIF(C39:O39,"In class") -> 10 | Q39: 13 | R39: =P39/Q39 -> 0.76923077
... A47: 45968 | C47: In class | D47: In class | E47: In class | F47: In class | G47: In class | H47: In class | I47: In class | J47: In class | K47: In class | L47: In class | M47: Mild | N47: In class | O47: In class | P47: =COUNTIF(C47:O47,"In class") -> 12 | Q47: 13 | R47: =P47/Q47 -> 0.92307692
A48: 45971 | F48: In class | G48: In class | H48: In class | I48: Mild | J48: Mod | K48: In class | L48: In class | M48: In class | N48: In class | O48: In class | P48: =COUNTIF(C48:O48,"In class") -> 8 | Q48: 10 | R48: =P48/Q48 -> 0.8 | T48: Late arrival
A49: 45972 | C49: In class | D49: In class | E49: In class | F49: Mod | G49: In class | H49: In class | I49: In class | J49: In class | K49: In class | L49: In class | M49: In class | N49: In class | O49: In class | P49: =COUNTIF(C49:O49,"In class") -> 12 | Q49: 13 | R49: =P49/Q49 -> 0.92307692
A50: 45973 | C50: In class | D50: In class | E50: In class | F50: Mild | G50: In class | H50: In class | I50: In class | J50: Severe | K50: In class | L50: In class | M50: In class | N50: In class | O50: In class | P50: =COUNTIF(C50:O50,"In class") -> 11 | Q50: 13 | R50: =P50/Q50 -> 0.84615385
A51: 45974 | C51: In class | D51: In class | E51: In class | F51: Mod | G51: Mod | H51: In class | I51: In class | J51: In class | K51: In class | L51: In class | M51: In class | N51: In class | O51: In class | P51: =COUNTIF(C51:O51,"In class") -> 11 | Q51: 13 | R51: =P51/Q51 -> 0.84615385
A52: 45975 | C52: In class | D52: In class | E52: In class | F52: In class | G52: In class | H52: Mod | I52: In class | J52: In class | K52: In class | L52: In class | M52: In class | N52: In class | O52: Mod | P52: =COUNTIF(C52:O52,"In class") -> 11 | Q52: 13 | R52: =P52/Q52 -> 0.84615385
A53: 45978 | C53: In class | D53: In class | E53: In class | F53: Mild | G53: In class | H53: In class | I53: In class | J53: In class | K53: In class | L53: In class | M53: Mild | N53: Mild | O53: In class | P53: =COUNTIF(C53:O53,"In class") -> 10 | Q53: 13 | R53: =P53/Q53 -> 0.76923077
A54: 45979 | C54: In class | D54: In class | E54: In class | F54: Mod | G54: Mod | H54: In class | I54: In class | J54: In class | K54: In class | L54: In class | M54: In class | N54: In class | O54: In class | P54: =COUNTIF(C54:O54,"In class") -> 11 | Q54: 13 | R54: =P54/Q54 -> 0.84615385
A55: 45980 | C55: In class | D55: In class | E55: In class | F55: In class | G55: In class | H55: In class | I55: In class | J55: In class | K55: In class | L55: In class | M55: In class | N55: In class | O55: In class | P55: =COUNTIF(C55:O55,"In class") -> 13 | Q55: 13 | R55: =P55/Q55 -> 1
A56: 45981 | C56: Mild | D56: Mild | E56: In class | F56: Mod | G56: Mod | H56: In class | I56: Mild | J56: In class | K56: In class | L56: In class | M56: In class | N56: In class | O56: In class | P56: =COUNTIF(C56:O56,"In class") -> 8 | Q56: 13 | R56: =P56/Q56 -> 0.61538462
A57: 45982 | C57: In class | D57: In class | E57: Mild | F57: In class | G57: In class | H57: In class | I57: Severe | J57: In class | K57: In class | L57: In class | M57: In class | N57: In class | O57: In class | P57: =COUNTIF(C57:O57,"In class") -> 11 | Q57: 13 | R57: =P57/Q57 -> 0.84615385
A58: 45992 | C58: In class | D58: Mod | E58: Mod | F58: In class | G58: In class | H58: In class | I58: Mod | J58: In class | K58: In class | L58: In class | M58: Mod | N58: In class | O58: In class | P58: =COUNTIF(C58:O58,"In class") -> 9 | Q58: 13 | R58: =P58/Q58 -> 0.69230769
A59: 45993 | C59: In class | D59: In class | E59: Mod | F59: Mod | G59: In class | H59: In class | I59: In class | J59: In class | K59: In class | L59: In class | M59: In class | N59: In class | O59: In class | P59: =COUNTIF(C59:O59,"In class") -> 11 | Q59: 13 | R59: =P59/Q59 -> 0.84615385
A60: 45994 | C60: In class | D60: In class | E60: In class | F60: In class | G60: Mild | H60: In class | I60: In class | J60: In class | K60: In class | L60: In class | M60: In class | N60: Mod | O60: Mod | P60: =COUNTIF(C60:O60,"In class") -> 10 | Q60: 13 | R60: =P60/Q60 -> 0.76923077
... A66: 46002 | C66: In class | D66: In class | E66: Mild | F66: Mild | G66: In class | H66: In class | I66: Mod | J66: In class | K66: In class | L66: In class | M66: In class | N66: In class | O66: Mild | P66: =COUNTIF(C66:O66,"In class") -> 9 | Q66: 13 | R66: =P66/Q66 -> 0.69230769
A67: 46003 | D67: Mild | E67: In class | F67: In class | G67: Mod | H67: In class | I67: In class | J67: In class | K67: In class | L67: In class | M67: In class | N67: In class | O67: In class | P67: =COUNTIF(C67:O67,"In class") -> 10 | Q67: 12 | R67: =P67/Q67 -> 0.83333333 | T67: Late arrival
A68: 46006 | C68: Mod | D68: Mod | E68: Mod | F68: Mod | G68: In class | H68: In class | I68: In class | J68: In class | K68: In class | L68: In class | M68: In class | N68: In class | O68: In class | P68: =COUNTIF(C68:O68,"In class") -> 9 | Q68: 13 | R68: =P68/Q68 -> 0.69230769
A69: 46007 | C69: In class | D69: In class | E69: In class | F69: In class | G69: Mod | H69: In class | I69: In class | J69: In class | K69: In class | L69: Mod | M69: In class | N69: In class | O69: In class | P69: =COUNTIF(C69:O69,"In class") -> 11 | Q69: 13 | R69: =P69/Q69 -> 0.84615385
A70: 46008 | C70: In class | D70: In class | E70: In class | F70: Mild | G70: Mod | H70: In class | I70: Mod | J70: Mild | K70: In class | P70: =COUNTIF(C70:O70,"In class") -> 5 | Q70: 12 | R70: =P70/Q70 -> 0.41666667 | T70: In the office with AP after recess then sent home at 245.
A71: 46010 | F71: In class | G71: In class | H71: Mod | I71: In class | J71: Mod | K71: In class | L71: In class | M71: In class | N71: In class | O71: In class | P71: =COUNTIF(C71:O71,"In class") -> 8 | Q71: 13 | R71: =P71/Q71 -> 0.61538462
A72: 46013 | C72: In class | D72: Mod | F72: In class | G72: In class | H72: In class | I72: In class | J72: In class | K72: In class | L72: In class | M72: Mod | N72: In class | O72: Mod | P72: =COUNTIF(C72:O72,"In class") -> 9 | Q72: 13 | R72: =P72/Q72 -> 0.69230769 | T72: In d/hh not gen ed from 9:30 to 10:30
A73: 46014 | C73: In class | D73: In class | E73: In class | F73: In class | G73: In class | H73: In class | I73: In class | J73: In class | K73: In class | L73: In class | M73: In class | N73: In class | O73: In class | P73: =COUNTIF(C73:O73,"In class") -> 13 | Q73: 13 | R73: =P73/Q73 -> 1
A74: 46027 | E74: Mod | F74: In class | G74: In class | H74: In class | I74: In class | J74: In class | K74: In class | L74: In class | M74: In class | N74: In class | O74: In class | P74: =COUNTIF(C74:O74,"In class") -> 10 | Q74: 11 | R74: =P74/Q74 -> 0.90909091
A75: 46028 | C75: In class | D75: In class | E75: In class | F75: In class | G75: Mod | H75: In class | I75: Mild | J75: In class | K75: In class | L75: In class | M75: In class | N75: In class | O75: In class | P75: =COUNTIF(C75:O75,"In class") -> 11 | Q75: 13 | R75: =P75/Q75 -> 0.84615385
A76: 46029 | C76: In class | D76: In class | E76: Mod | F76: In class | G76: Mod | H76: In class | I76: In class | J76: In class | K76: In class | L76: In class | M76: In class | N76: In class | O76: In class | P76: =COUNTIF(C76:O76,"In class") -> 11 | Q76: 13 | R76: =P76/Q76 -> 0.84615385
A77: 46030 | C77: In class | D77: Severe | E77: In class | F77: In class | G77: In class | H77: Mod | I77: In class | J77: Mild | K77: In class | L77: In class | M77: In class | N77: In class | O77: In class | P77: =COUNTIF(C77:O77,"In class") -> 10 | Q77: 13 | R77: =P77/Q77 -> 0.76923077
A78: 46034 | C78: In class | D78: In class | E78: In class | F78: In class | G78: In class | H78: In class | I78: Mod | J78: In class | K78: In class | L78: In class | M78: In class | N78: In class | O78: In class | P78: =COUNTIF(C78:O78,"In class") -> 12 | Q78: 13 | R78: =P78/Q78 -> 0.92307692
A79: 46035 | C79: In class | D79: In class | E79: Mod | F79: In class | G79: In class | H79: In class | I79: In class | J79: Mild | K79: In class | L79: In class | M79: In class | N79: Mild | O79: In class | P79: =COUNTIF(C79:O79,"In class") -> 10 | Q79: 13 | R79: =P79/Q79 -> 0.76923077
A80: 46036 | C80: In class | D80: In class | E80: Mild | F80: In class | G80: Mild | H80: In class | I80: Mild | J80: In class | K80: In class | L80: In class | M80: In class | N80: In class | O80: Mild | P80: =COUNTIF(C80:O80,"In class") -> 9 | Q80: 13 | R80: =P80/Q80 -> 0.69230769
A81: 46037 | C81: In class | D81: Mod | E81: In class | F81: Mod | G81: In class | H81: In class | I81: In class | J81: In class | K81: In class | L81: In class | M81: Mild | N81: In class | O81: In class | P81: =COUNTIF(C81:O81,"In class") -> 10 | Q81: 13 | R81: =P81/Q81 -> 0.76923077
A82: 46038 | C82: In class | D82: In class | E82: In class | F82: In class | G82: Mild | H82: In class | I82: Mild | J82: Mild | K82: In class | L82: In class | M82: In class | N82: In class | O82: In class | P82: =COUNTIF(C82:O82,"In class") -> 10 | Q82: 13 | R82: =P82/Q82 -> 0.76923077
A83: 46042 | C83: In class | D83: Mod | E83: In class | F83: In class | G83: In class | H83: In class | I83: In class | J83: In class | K83: In class | L83: In class | M83: Mod | N83: In class | O83: In class | P83: =COUNTIF(C83:O83,"In class") -> 11 | Q83: 13 | R83: =P83/Q83 -> 0.84615385
A84: 46043 | F84: In class | G84: In class | H84: In class | I84: In class | J84: In class | K84: In class | L84: In class | M84: In class | N84: In class | O84: In class | P84: =COUNTIF(C84:O84,"In class") -> 10 | Q84: 10 | R84: =P84/Q84 -> 1 | T84: Late arrival
A85: 46044 | C85: In class | D85: In class | E85: Mod | F85: In class | G85: In class | H85: In class | I85: In class | J85: In class | K85: In class | L85: In class | M85: In class | N85: In class | O85: In class | P85: =COUNTIF(C85:O85,"In class") -> 12 | Q85: 13 | R85: =P85/Q85 -> 0.92307692
A86: 46048 | C86: Mod | D86: Severe | E86: Mild | F86: In class | G86: In class | H86: In class | I86: Mild | J86: In class | K86: In class | L86: In class | M86: In class | N86: In class | O86: In class | P86: =COUNTIF(C86:O86,"In class") -> 9 | Q86: 13 | R86: =P86/Q86 -> 0.69230769
A87: 46049 | C87: In class | D87: In class | E87: In class | F87: In class | G87: In class | H87: In class | I87: In class | J87: Mod | K87: In class | L87: Mod | M87: Mod | N87: In class | O87: In class | P87: =COUNTIF(C87:O87,"In class") -> 10 | Q87: 13 | R87: =P87/Q87 -> 0.76923077
A88: 46050 | C88: In class | D88: In class | E88: In class | F88: In class | G88: In class | H88: In class | I88: In class | J88: In class | K88: In class | L88: In class | M88: In class | N88: In class | O88: In class | P88: =COUNTIF(C88:O88,"In class") -> 13 | Q88: 13 | R88: =P88/Q88 -> 1
A89: 46051 | C89: In class | D89: In class | E89: In class | F89: In class | G89: In class | H89: Mod | I89: Mod | J89: Mod | K89: In class | L89: In class | M89: Mild | N89: Mod | O89: Mild | P89: =COUNTIF(C89:O89,"In class") -> 7 | Q89: 13 | R89: =P89/Q89 -> 0.53846154
A90: 46052 | C90: In class | D90: In class | E90: In class | F90: In class | G90: In class | H90: In class | I90: In class | J90: In class | K90: In class | L90: In class | M90: Mod | N90: Mod | O90: Mod | P90: =COUNTIF(C90:O90,"In class") -> 10 | Q90: 13 | R90: =P90/Q90 -> 0.76923077
A91: 46055 | C91: In class | D91: In class | E91: In class | F91: Mild | G91: In class | H91: In class | I91: In class | J91: In class | K91: In class | L91: In class | M91: In class | N91: In class | O91: In class | P91: =COUNTIF(C91:O91,"In class") -> 12 | Q91: 13 | R91: =P91/Q91 -> 0.92307692
A92: 46056 | C92: In class | D92: In class | E92: In class | F92: In class | G92: In class | H92: In class | I92: In class | J92: In class | K92: In class | L92: In class | M92: In class | N92: In class | O92: In class | P92: =COUNTIF(C92:O92,"In class") -> 13 | Q92: 13 | R92: =P92/Q92 -> 1
A93: 46057 | C93: In class | D93: In class | E93: Severe | F93: Mod | G93: Mod | H93: In class | I93: In class | J93: In class | K93: In class | L93: In class | M93: In class | N93: In class | O93: In class | P93: =COUNTIF(C93:O93,"In class") -> 10 | Q93: 13 | R93: =P93/Q93 -> 0.76923077
A94: 46058 | C94: In class | D94: In class | E94: In class | F94: In class | G94: In class | H94: In class | I94: In class | J94: In class | K94: In class | L94: In class | M94: In class | N94: In class | O94: In class | P94: =COUNTIF(C94:O94,"In class") -> 13 | Q94: 13 | R94: =P94/Q94 -> 1
A95: 46059 | C95: In class | D95: In class | E95: In class | F95: In class | G95: In class | H95: In class | I95: In class | J95: In class | K95: In class | L95: In class | M95: In class | N95: Mild | O95: In class | P95: =COUNTIF(C95:O95,"In class") -> 12 | Q95: 13 | R95: =P95/Q95 -> 0.92307692
A96: 46062 | C96: In class | D96: In class | E96: In class | F96: In class | G96: In class | H96: In class | I96: Mod | J96: In class | K96: In class | L96: In class | M96: In class | N96: In class | O96: Mod | P96: =COUNTIF(C96:O96,"In class") -> 11 | Q96: 13 | R96: =P96/Q96 -> 0.84615385
A97: 46063 | C97: In class | D97: Mild | E97: Mod | F97: Mod | G97: Mild | H97: In class | I97: In class | J97: Mild | K97: In class | L97: In class | M97: In class | N97: In class | O97: In class | P97: =COUNTIF(C97:O97,"In class") -> 8 | Q97: 13 | R97: =P97/Q97 -> 0.61538462
A98: 46064 | C98: Mod | D98: In class | E98: In class | F98: Mod | G98: Mod | H98: Mod | I98: In class | J98: In class | K98: In class | L98: In class | P98: =COUNTIF(C98:O98,"In class") -> 6 | Q98: 10 | R98: =P98/Q98 -> 0.6 | T98: Left early
A99: 46066 | C99: In class | D99: In class | E99: In class | F99: In class | G99: In class | H99: In class | I99: In class | J99: In class | K99: In class | L99: In class | M99: In class | N99: In class | O99: In class | P99: =COUNTIF(C99:O99,"In class") -> 13 | Q99: 13 | R99: =P99/Q99 -> 1 | T99: Missing data
A100: 46071 | C100: In class | D100: Mod | E100: In class | F100: In class | G100: In class | H100: In class | I100: In class | J100: In class | K100: In class | L100: In class | M100: In class | N100: In class | O100: In class | P100: =COUNTIF(C100:O100,"In class") -> 12 | Q100: 13 | R100: =P100/Q100 -> 0.92307692
A101: 46072 | C101: In class | D101: In class | E101: In class | F101: In class | G101: Mod | H101: In class | I101: In class | J101: In class | K101: In class | L101: In class | M101: In class | N101: In class | O101: In class | P101: =COUNTIF(C101:O101,"In class") -> 12 | Q101: 13 | R101: =P101/Q101 -> 0.92307692
A102: 46073 | C102: In class | D102: In class | E102: In class | F102: In class | G102: In class | H102: In class | I102: In class | J102: In class | K102: In class | L102: In class | M102: In class | N102: In class | O102: In class | P102: =COUNTIF(C102:O102,"In class") -> 13 | Q102: 13 | R102: =P102/Q102 -> 1
A103: 46076 | C103: In class | D103: In class | E103: In class | F103: In class | G103: In class | H103: In class | I103: Mild | J103: In class | K103: In class | L103: In class | M103: In class | N103: Mild | O103: Mild | P103: =COUNTIF(C103:O103,"In class") -> 10 | Q103: 13 | R103: =P103/Q103 -> 0.76923077
P104: =COUNTIF(C104:O104,"In class") -> 0 | Q104: 13 | R104: =P104/Q104 -> 0

Sheet Sheet3
